                  epoch,         train/box_loss,         train/cls_loss,         train/dfl_loss,   metrics/precision(B),      metrics/recall(B),       metrics/mAP50(B),    metrics/mAP50-95(B),           val/box_loss,           val/cls_loss,           val/dfl_loss,                 lr/pg0,                 lr/pg1,                 lr/pg2
                      1,                      0,                0.07756,                      0,                      0,                      0,                      0,                      0,                      0,                 70.903,                      0,               0.070074,              0.0033251,              0.0033251
                      2,                      0,                0.00952,                      0,                      0,                      0,                      0,                      0,                      0,                 30.229,                      0,               0.039855,              0.0064387,              0.0064387
                      3,                      0,                0.00596,                      0,                      0,                      0,                      0,                      0,                      0,                 10.288,                      0,               0.009415,              0.0093323,              0.0093323
                      4,                      0,                0.00452,                      0,                      0,                      0,                      0,                      0,                      0,                 1.6559,                      0,                0.00901,                0.00901,                0.00901
                      5,                      0,                0.00347,                      0,                      0,                      0,                      0,                      0,                      0,                0.14679,                      0,                0.00901,                0.00901,                0.00901
